{
  "export": {
    "id": "b26cccf8-1b4a-41d8-a694-5c6ad1bad1c0",
    "jobId": "d43b6808-4ddb-4539-a6d9-8e4f13c32754",
    "buildNumber": 4,
    "annotations": 0,
    "labels": 1,
    "files": 6,
    "datasets": 2,
    "creatorId": "bc2b2289-1f29-415f-9f24-629ab5e43789",
    "createdAt": "2021-08-07T20:03:05.366Z"
  },
  "schema": {
    "id": "92f24e65-b6df-4a60-8055-08824c1ab8d8",
    "name": "COCO",
    "format": "DataTorch",
    "linkId": "5748fc73-d210-4359-b4e6-7ebaaec89ca4",
    "where": [
      {
        "id": "d2bf617d-ec03-4410-a48c-741e8eb965f9",
        "field": "createdAt",
        "logic": "and",
        "operator": "<",
        "value": "2021-08-08",
        "type": "AnnotationClause",
        "schemaId": "92f24e65-b6df-4a60-8055-08824c1ab8d8"
      }
    ]
  },
  "project": {
    "id": "1d8484ea-a3d8-4dfe-93ad-18b4432b8b49",
    "slug": "test",
    "about": "An about section has no been configured for this project.",
    "name": "test",
    "description": "",
    "visibility": "PRIVATE",
    "isArchived": false,
    "avatarUrl": "https://ui-avatars.com/api/?name=test&background=0D8ABC&color=fff",
    "ownerId": "bc2b2289-1f29-415f-9f24-629ab5e43789",
    "nsfw": false,
    "updatedAt": "2021-08-01T21:49:58.725Z",
    "createdAt": "2021-08-01T21:49:49.303Z"
  },
  "datasets": {
    "769a5023-1a98-44af-aa42-4ef53e5b845e": {
      "name": "train",
      "description": "",
      "isArchived": false,
      "projectId": "1d8484ea-a3d8-4dfe-93ad-18b4432b8b49",
      "updatedAt": "2021-08-07T19:56:09.483Z",
      "createdAt": "2021-08-07T19:56:09.483Z"
    },
    "9e6aabcb-4ee8-4757-8ca0-3dff238f900e": {
      "name": "val",
      "description": "",
      "isArchived": false,
      "projectId": "1d8484ea-a3d8-4dfe-93ad-18b4432b8b49",
      "updatedAt": "2021-08-07T19:57:26.172Z",
      "createdAt": "2021-08-07T19:57:26.172Z"
    }
  },
  "labels": {
    "c573d90d-208f-45ac-a823-ea464170dc9e": {
      "customId": null,
      "name": "Section",
      "color": "#2e8a3a",
      "metadata": {},
      "projectId": "1d8484ea-a3d8-4dfe-93ad-18b4432b8b49",
      "parentId": null
    }
  },
  "files": {
    "5825ae6b-d238-43b6-8bf4-52ffcd1f59a3": {
      "name": "1_5Edwardo.pdf.jpg",
      "path": "1_5Edwardo.pdf.jpg",
      "missing": false,
      "mimetype": "image/jpeg",
      "encoding": "7bit",
      "kilobytes": 999,
      "type": "DatasetFile",
      "createdAt": "2021-08-07T19:57:16.265Z",
      "updatedAt": "2021-08-07T20:01:27.957Z",
      "metadata": {},
      "md5Hash": "9475fd445ee7395196159f8aa6c25054",
      "properties": {
        "type": "jpg",
        "width": 4250,
        "height": 5500
      },
      "url": null,
      "linkId": "5748fc73-d210-4359-b4e6-7ebaaec89ca4",
      "datasetId": "769a5023-1a98-44af-aa42-4ef53e5b845e",
      "status": "COMPLETED",
      "annotations": [
        {
          "id": "50113dd1-95a9-4166-a249-ef19acc17e3b",
          "customId": null,
          "name": "",
          "creatorId": "bc2b2289-1f29-415f-9f24-629ab5e43789",
          "color": "#46ddd0",
          "metadata": {},
          "labelId": "c573d90d-208f-45ac-a823-ea464170dc9e",
          "fileId": "5825ae6b-d238-43b6-8bf4-52ffcd1f59a3",
          "createdAt": "2021-08-07T20:01:21.254Z",
          "sources": [
            {
              "id": "18f8ab31-f3d0-4a31-b8be-9019caa4040c",
              "type": "PaperBox",
              "annotationId": "50113dd1-95a9-4166-a249-ef19acc17e3b",
              "x": 158.508185645711,
              "y": 2446.78884426188,
              "width": 3131.0399460705,
              "height": 1129.35520442842
            }
          ]
        },
        {
          "id": "58e602c0-164e-45cb-b1dd-29b7a084f422",
          "customId": null,
          "name": "",
          "creatorId": "bc2b2289-1f29-415f-9f24-629ab5e43789",
          "color": "#3f3082",
          "metadata": {},
          "labelId": "c573d90d-208f-45ac-a823-ea464170dc9e",
          "fileId": "5825ae6b-d238-43b6-8bf4-52ffcd1f59a3",
          "createdAt": "2021-08-07T20:01:24.801Z",
          "sources": [
            {
              "id": "bd22464f-1260-4808-9968-e6cf0c56ff97",
              "type": "PaperBox",
              "annotationId": "58e602c0-164e-45cb-b1dd-29b7a084f422",
              "x": 158.508185645711,
              "y": 3576.14404869029,
              "width": 996.948042529912,
              "height": 397.221485695512
            }
          ]
        },
        {
          "id": "b9334c84-d881-4cf4-814d-073e39079641",
          "customId": null,
          "name": "",
          "creatorId": "bc2b2289-1f29-415f-9f24-629ab5e43789",
          "color": "#5678bd",
          "metadata": {},
          "labelId": "c573d90d-208f-45ac-a823-ea464170dc9e",
          "fileId": "5825ae6b-d238-43b6-8bf4-52ffcd1f59a3",
          "createdAt": "2021-08-07T20:01:08.348Z",
          "sources": [
            {
              "id": "d53b46e9-a87d-4364-aee2-52259ae02609",
              "type": "PaperBox",
              "annotationId": "b9334c84-d881-4cf4-814d-073e39079641",
              "x": 158.508185645711,
              "y": 219.233061734105,
              "width": 3956.63754379059,
              "height": 1215.03042683333
            }
          ]
        },
        {
          "id": "2125c7b5-f8e7-4d07-bbc7-9b87fc1dd33a",
          "customId": null,
          "name": "",
          "creatorId": "bc2b2289-1f29-415f-9f24-629ab5e43789",
          "color": "#5ee854",
          "metadata": {},
          "labelId": "c573d90d-208f-45ac-a823-ea464170dc9e",
          "fileId": "5825ae6b-d238-43b6-8bf4-52ffcd1f59a3",
          "createdAt": "2021-08-07T20:01:14.926Z",
          "sources": [
            {
              "id": "1997ed6f-416f-417f-977a-241c8f673237",
              "type": "PaperBox",
              "annotationId": "2125c7b5-f8e7-4d07-bbc7-9b87fc1dd33a",
              "x": 158.508185645711,
              "y": 1434.26348856743,
              "width": 2975.26681442521,
              "height": 1012.52535569444
            }
          ]
        }
      ]
    },
    "6a4a8d8d-bfdd-414d-9b33-19cf00f33a69": {
      "name": "0_6Faye.pdf.jpg",
      "path": "0_6Faye.pdf.jpg",
      "missing": false,
      "mimetype": "image/jpeg",
      "encoding": "7bit",
      "kilobytes": 1306,
      "type": "DatasetFile",
      "createdAt": "2021-08-07T19:57:17.562Z",
      "updatedAt": "2021-08-07T19:59:57.128Z",
      "metadata": {},
      "md5Hash": "c8d27a821c3d4dc5967feb3e2fcc7a57",
      "properties": {
        "type": "jpg",
        "width": 4135,
        "height": 5847
      },
      "url": null,
      "linkId": "5748fc73-d210-4359-b4e6-7ebaaec89ca4",
      "datasetId": "769a5023-1a98-44af-aa42-4ef53e5b845e",
      "status": "COMPLETED",
      "annotations": [
        {
          "id": "7606f6a3-f749-4c30-a46d-c4bbb141bf1a",
          "customId": null,
          "name": "",
          "creatorId": "bc2b2289-1f29-415f-9f24-629ab5e43789",
          "color": "#dcdf01",
          "metadata": {},
          "labelId": "c573d90d-208f-45ac-a823-ea464170dc9e",
          "fileId": "6a4a8d8d-bfdd-414d-9b33-19cf00f33a69",
          "createdAt": "2021-08-07T19:59:32.940Z",
          "sources": [
            {
              "id": "98b9a798-c8d4-4554-94c2-4e07d66f4b2b",
              "type": "PaperBox",
              "annotationId": "7606f6a3-f749-4c30-a46d-c4bbb141bf1a",
              "x": 298.301213758324,
              "y": 233.800938693316,
              "width": 3654.43766839871,
              "height": 2888.03386070384
            }
          ]
        },
        {
          "id": "f20a7ac1-faff-4139-b168-146c1fd968eb",
          "customId": null,
          "name": "",
          "creatorId": "bc2b2289-1f29-415f-9f24-629ab5e43789",
          "color": "#cedb8a",
          "metadata": {},
          "labelId": "c573d90d-208f-45ac-a823-ea464170dc9e",
          "fileId": "6a4a8d8d-bfdd-414d-9b33-19cf00f33a69",
          "createdAt": "2021-08-07T19:59:42.955Z",
          "sources": [
            {
              "id": "b129464b-f0a2-4274-8527-01e8efc46114",
              "type": "PaperBox",
              "annotationId": "f20a7ac1-faff-4139-b168-146c1fd968eb",
              "x": 298.301213758324,
              "y": 3121.83479939716,
              "width": 3523.58823781666,
              "height": 1383.26540901025
            }
          ]
        },
        {
          "id": "4d2e4db6-d1f6-497c-a4f4-dec9bb1a05e5",
          "customId": null,
          "name": "",
          "creatorId": "bc2b2289-1f29-415f-9f24-629ab5e43789",
          "color": "#d0af1b",
          "metadata": {},
          "labelId": "c573d90d-208f-45ac-a823-ea464170dc9e",
          "fileId": "6a4a8d8d-bfdd-414d-9b33-19cf00f33a69",
          "createdAt": "2021-08-07T19:59:53.456Z",
          "sources": [
            {
              "id": "ee199d1b-cc54-42e3-8c18-681ce3e1a282",
              "type": "PaperBox",
              "annotationId": "4d2e4db6-d1f6-497c-a4f4-dec9bb1a05e5",
              "x": 298.301213758324,
              "y": 4505.10020840741,
              "width": 3532.93462571538,
              "height": 869.214074580768
            }
          ]
        }
      ]
    },
    "b45224d1-a4bb-4c9c-8f0e-59c4ea004f04": {
      "name": "0_5Edwardo.pdf.jpg",
      "path": "0_5Edwardo.pdf.jpg",
      "missing": false,
      "mimetype": "image/jpeg",
      "encoding": "7bit",
      "kilobytes": 1228,
      "type": "DatasetFile",
      "createdAt": "2021-08-07T19:57:17.344Z",
      "updatedAt": "2021-08-07T20:00:43.035Z",
      "metadata": {},
      "md5Hash": "dfa5a639f05d52e008e05474bc632d75",
      "properties": {
        "type": "jpg",
        "width": 4250,
        "height": 5500
      },
      "url": null,
      "linkId": "5748fc73-d210-4359-b4e6-7ebaaec89ca4",
      "datasetId": "769a5023-1a98-44af-aa42-4ef53e5b845e",
      "status": "COMPLETED",
      "annotations": [
        {
          "id": "697be60e-194b-41d1-ba4d-f30adf1b1cf4",
          "customId": null,
          "name": "",
          "creatorId": "bc2b2289-1f29-415f-9f24-629ab5e43789",
          "color": "#97eb3d",
          "metadata": {},
          "labelId": "c573d90d-208f-45ac-a823-ea464170dc9e",
          "fileId": "b45224d1-a4bb-4c9c-8f0e-59c4ea004f04",
          "createdAt": "2021-08-07T20:00:09.269Z",
          "sources": [
            {
              "id": "469d397c-4175-4707-af1c-ee5d1583645f",
              "type": "PaperBox",
              "annotationId": "697be60e-194b-41d1-ba4d-f30adf1b1cf4",
              "x": 211.755137492709,
              "y": 426.951560437318,
              "width": 3712.93294460641,
              "height": 532.002332361516
            }
          ]
        },
        {
          "id": "b8a0d0cd-eaa0-4f58-917d-f02fa06d60d8",
          "customId": null,
          "name": "",
          "creatorId": "bc2b2289-1f29-415f-9f24-629ab5e43789",
          "color": "#58a53b",
          "metadata": {},
          "labelId": "c573d90d-208f-45ac-a823-ea464170dc9e",
          "fileId": "b45224d1-a4bb-4c9c-8f0e-59c4ea004f04",
          "createdAt": "2021-08-07T20:00:15.316Z",
          "sources": [
            {
              "id": "9a49ce32-bfc5-48b6-b484-7f00269c0f63",
              "type": "PaperBox",
              "annotationId": "b8a0d0cd-eaa0-4f58-917d-f02fa06d60d8",
              "x": 211.755137492709,
              "y": 958.953892798834,
              "width": 3192.0139941691,
              "height": 1330.00583090379
            }
          ]
        },
        {
          "id": "3fd9fb8a-31ab-419d-89ba-bfd91552ebba",
          "customId": null,
          "name": "",
          "creatorId": "bc2b2289-1f29-415f-9f24-629ab5e43789",
          "color": "#6b33e6",
          "metadata": {},
          "labelId": "c573d90d-208f-45ac-a823-ea464170dc9e",
          "fileId": "b45224d1-a4bb-4c9c-8f0e-59c4ea004f04",
          "createdAt": "2021-08-07T20:00:19.816Z",
          "sources": [
            {
              "id": "38acfa70-c9ff-49b6-9e32-6c3d69d30854",
              "type": "PaperBox",
              "annotationId": "3fd9fb8a-31ab-419d-89ba-bfd91552ebba",
              "x": 217.296828454808,
              "y": 2288.95972370262,
              "width": 2754.22040816326,
              "height": 459.960349854227
            }
          ]
        },
        {
          "id": "2b99a7dc-f3f9-4512-90a9-99b204b5fa0a",
          "customId": null,
          "name": "",
          "creatorId": "bc2b2289-1f29-415f-9f24-629ab5e43789",
          "color": "#98ac15",
          "metadata": {},
          "labelId": "c573d90d-208f-45ac-a823-ea464170dc9e",
          "fileId": "b45224d1-a4bb-4c9c-8f0e-59c4ea004f04",
          "createdAt": "2021-08-07T20:00:40.347Z",
          "sources": [
            {
              "id": "1e89eeb7-6a40-4449-a369-7ba52bbb2d32",
              "type": "PaperBox",
              "annotationId": "2b99a7dc-f3f9-4512-90a9-99b204b5fa0a",
              "x": 217.296828454808,
              "y": 2748.92007355685,
              "width": 3275.04356921071,
              "height": 2515.38445224944
            }
          ]
        }
      ]
    },
    "3cb9a49a-f6b8-4258-af7b-71a5e058c1a3": {
      "name": "1_6Faye.pdf.jpg",
      "path": "1_6Faye.pdf.jpg",
      "missing": false,
      "mimetype": "image/jpeg",
      "encoding": "7bit",
      "kilobytes": 554,
      "type": "DatasetFile",
      "createdAt": "2021-08-07T19:57:03.984Z",
      "updatedAt": "2021-08-07T20:01:41.020Z",
      "metadata": {},
      "md5Hash": "95fd6089c9b86565360d36c975ec9d3f",
      "properties": {
        "type": "jpg",
        "width": 4135,
        "height": 5847
      },
      "url": null,
      "linkId": "5748fc73-d210-4359-b4e6-7ebaaec89ca4",
      "datasetId": "769a5023-1a98-44af-aa42-4ef53e5b845e",
      "status": "COMPLETED",
      "annotations": [
        {
          "id": "2ae6ee9c-8fbf-4e13-b3a3-826bf965997e",
          "customId": null,
          "name": "",
          "creatorId": "bc2b2289-1f29-415f-9f24-629ab5e43789",
          "color": "#ca8c2f",
          "metadata": {},
          "labelId": "c573d90d-208f-45ac-a823-ea464170dc9e",
          "fileId": "3cb9a49a-f6b8-4258-af7b-71a5e058c1a3",
          "createdAt": "2021-08-07T20:01:39.208Z",
          "sources": [
            {
              "id": "0e25bac2-7b15-4d9b-8063-433ea34024d3",
              "type": "PaperBox",
              "annotationId": "2ae6ee9c-8fbf-4e13-b3a3-826bf965997e",
              "x": 283.119356320937,
              "y": 68.8151550586024,
              "width": 3512.17009595335,
              "height": 570.091377893878
            }
          ]
        }
      ]
    },
    "cd610748-9169-415e-8cee-61e7f32f7e39": {
      "name": "0_a1.pdf.jpg",
      "path": "0_a1.pdf.jpg",
      "missing": false,
      "mimetype": "image/jpeg",
      "encoding": "7bit",
      "kilobytes": 1462,
      "type": "DatasetFile",
      "createdAt": "2021-08-07T19:57:53.938Z",
      "updatedAt": "2021-08-07T20:02:32.990Z",
      "metadata": {},
      "md5Hash": "043cff5565b69baa06ce2c4abf95912e",
      "properties": {
        "type": "jpg",
        "width": 4135,
        "height": 5847
      },
      "url": null,
      "linkId": "5748fc73-d210-4359-b4e6-7ebaaec89ca4",
      "datasetId": "9e6aabcb-4ee8-4757-8ca0-3dff238f900e",
      "status": "COMPLETED",
      "annotations": [
        {
          "id": "de9a1067-67c6-475c-8637-9bcd96ecaef4",
          "customId": null,
          "name": "",
          "creatorId": "bc2b2289-1f29-415f-9f24-629ab5e43789",
          "color": "#2c699b",
          "metadata": {},
          "labelId": "c573d90d-208f-45ac-a823-ea464170dc9e",
          "fileId": "cd610748-9169-415e-8cee-61e7f32f7e39",
          "createdAt": "2021-08-07T20:02:16.490Z",
          "sources": [
            {
              "id": "a8530559-ea88-498f-8101-16456c8cd4f3",
              "type": "PaperBox",
              "annotationId": "de9a1067-67c6-475c-8637-9bcd96ecaef4",
              "x": 674.665967104437,
              "y": 175.751146027697,
              "width": 2919.7388277551,
              "height": 643.332284081632
            }
          ]
        },
        {
          "id": "b60fdb00-7c31-446e-9503-e423f1a5eacb",
          "customId": null,
          "name": "",
          "creatorId": "bc2b2289-1f29-415f-9f24-629ab5e43789",
          "color": "#ce8399",
          "metadata": {},
          "labelId": "c573d90d-208f-45ac-a823-ea464170dc9e",
          "fileId": "cd610748-9169-415e-8cee-61e7f32f7e39",
          "createdAt": "2021-08-07T20:02:20.412Z",
          "sources": [
            {
              "id": "15e6d8d4-8111-407b-9065-567b093f7e3b",
              "type": "PaperBox",
              "annotationId": "b60fdb00-7c31-446e-9503-e423f1a5eacb",
              "x": 208.073321506769,
              "y": 939.266384278426,
              "width": 3838.78494787172,
              "height": 494.870987755102
            }
          ]
        },
        {
          "id": "3eb2954b-036d-416c-a704-d4482b7e8d7f",
          "customId": null,
          "name": "",
          "creatorId": "bc2b2289-1f29-415f-9f24-629ab5e43789",
          "color": "#095cf6",
          "metadata": {},
          "labelId": "c573d90d-208f-45ac-a823-ea464170dc9e",
          "fileId": "cd610748-9169-415e-8cee-61e7f32f7e39",
          "createdAt": "2021-08-07T20:02:25.662Z",
          "sources": [
            {
              "id": "1c49ee8b-8f9a-42a8-8dbe-86fdfa789f5c",
              "type": "PaperBox",
              "annotationId": "3eb2954b-036d-416c-a704-d4482b7e8d7f",
              "x": 208.073321506769,
              "y": 1575.5290828207,
              "width": 3859.99370448979,
              "height": 1626.00467405248
            }
          ]
        },
        {
          "id": "20e3a017-45e6-425e-89ef-98943fbc4206",
          "customId": null,
          "name": "",
          "creatorId": "bc2b2289-1f29-415f-9f24-629ab5e43789",
          "color": "#1384b9",
          "metadata": {},
          "labelId": "c573d90d-208f-45ac-a823-ea464170dc9e",
          "fileId": "cd610748-9169-415e-8cee-61e7f32f7e39",
          "createdAt": "2021-08-07T20:02:30.084Z",
          "sources": [
            {
              "id": "c8d9ade9-811a-4cbe-8c8d-aed6f5af3c1c",
              "type": "PaperBox",
              "annotationId": "20e3a017-45e6-425e-89ef-98943fbc4206",
              "x": 201.003735967411,
              "y": 3321.71671104227,
              "width": 3831.71536233236,
              "height": 2269.33695813411
            }
          ]
        }
      ]
    },
    "eb64af97-5c89-4561-8e59-f10b47005277": {
      "name": "1_a1.pdf.jpg",
      "path": "1_a1.pdf.jpg",
      "missing": false,
      "mimetype": "image/jpeg",
      "encoding": "7bit",
      "kilobytes": 1070,
      "type": "DatasetFile",
      "createdAt": "2021-08-07T19:57:53.125Z",
      "updatedAt": "2021-08-07T20:02:54.912Z",
      "metadata": {},
      "md5Hash": "eaa0f6f9851209a67715a26c72828d10",
      "properties": {
        "type": "jpg",
        "width": 4135,
        "height": 5847
      },
      "url": null,
      "linkId": "5748fc73-d210-4359-b4e6-7ebaaec89ca4",
      "datasetId": "9e6aabcb-4ee8-4757-8ca0-3dff238f900e",
      "status": "COMPLETED",
      "annotations": [
        {
          "id": "c06ec389-4428-41c7-b5e3-b4dfd903ed0b",
          "customId": null,
          "name": "",
          "creatorId": "bc2b2289-1f29-415f-9f24-629ab5e43789",
          "color": "#7bdb90",
          "metadata": {},
          "labelId": "c573d90d-208f-45ac-a823-ea464170dc9e",
          "fileId": "eb64af97-5c89-4561-8e59-f10b47005277",
          "createdAt": "2021-08-07T20:02:46.350Z",
          "sources": [
            {
              "id": "bc22846f-5f9a-43d4-9d96-1f4255127426",
              "type": "PaperBox",
              "annotationId": "c06ec389-4428-41c7-b5e3-b4dfd903ed0b",
              "x": 204.102801676275,
              "y": 1475.39475542464,
              "width": 3087.99496359184,
              "height": 1255.55839179009
            }
          ]
        },
        {
          "id": "b96bacdc-ee91-4607-a7f9-9f24ac9119d9",
          "customId": null,
          "name": "",
          "creatorId": "bc2b2289-1f29-415f-9f24-629ab5e43789",
          "color": "#389720",
          "metadata": {},
          "labelId": "c573d90d-208f-45ac-a823-ea464170dc9e",
          "fileId": "eb64af97-5c89-4561-8e59-f10b47005277",
          "createdAt": "2021-08-07T20:02:43.240Z",
          "sources": [
            {
              "id": "045ec4be-e261-4ae1-b553-cb4f4000e9b1",
              "type": "PaperBox",
              "annotationId": "b96bacdc-ee91-4607-a7f9-9f24ac9119d9",
              "x": 204.102801676275,
              "y": 202.869358340095,
              "width": 3868.47720713702,
              "height": 1272.52539708455
            }
          ]
        },
        {
          "id": "bee14c2f-5188-4f12-9872-8db43ada0144",
          "customId": null,
          "name": "",
          "creatorId": "bc2b2289-1f29-415f-9f24-629ab5e43789",
          "color": "#b679c8",
          "metadata": {},
          "labelId": "c573d90d-208f-45ac-a823-ea464170dc9e",
          "fileId": "eb64af97-5c89-4561-8e59-f10b47005277",
          "createdAt": "2021-08-07T20:02:49.928Z",
          "sources": [
            {
              "id": "9c042951-68f9-4bad-a9b6-c301c825ec92",
              "type": "PaperBox",
              "annotationId": "bee14c2f-5188-4f12-9872-8db43ada0144",
              "x": 204.102801676275,
              "y": 2722.4696445675,
              "width": 3876.96070978426,
              "height": 814.416254134111
            }
          ]
        },
        {
          "id": "d8abba45-2ea7-4bef-a490-6f68b7c2bdb4",
          "customId": null,
          "name": "",
          "creatorId": "bc2b2289-1f29-415f-9f24-629ab5e43789",
          "color": "#5654c9",
          "metadata": {},
          "labelId": "c573d90d-208f-45ac-a823-ea464170dc9e",
          "fileId": "eb64af97-5c89-4561-8e59-f10b47005277",
          "createdAt": "2021-08-07T20:02:52.772Z",
          "sources": [
            {
              "id": "ce7e253d-95e3-4dd3-9bf1-e67d025c6285",
              "type": "PaperBox",
              "annotationId": "d8abba45-2ea7-4bef-a490-6f68b7c2bdb4",
              "x": 204.102801676275,
              "y": 3536.88589870161,
              "width": 3783.64218066472,
              "height": 797.44924883965
            }
          ]
        }
      ]
    }
  }
}